<?xml version="1.0"?>
<!DOCTYPE hibernate-mapping PUBLIC "-//Hibernate/Hibernate Mapping DTD 3.0//EN"
"http://hibernate.sourceforge.net/hibernate-mapping-3.0.dtd">
<!-- Generated 4 Mar, 2017 12:43:40 AM by Hibernate Tools 3.4.0.CR1 -->

<hibernate-mapping package="com.otml.entities">
    <class name="RequestProcess" table="REQUEST_PROCESS">
        <id name="requestNo" column="REQUEST_NO">
         <generator class="increment"/>
        </id>
        <property name="description" column="DESCR" />
        <property name="assignDate" column="ASSIGN_DT" />
        <property name="eta" column ="ETA_DT" />
       
    </class>
</hibernate-mapping>
