<?xml version="1.0"?>
<!DOCTYPE hibernate-mapping PUBLIC "-//Hibernate/Hibernate Mapping DTD 3.0//EN"
"http://hibernate.sourceforge.net/hibernate-mapping-3.0.dtd">
<!-- Generated 4 Mar, 2017 12:43:40 AM by Hibernate Tools 3.4.0.CR1 -->

<hibernate-mapping package="com.otml.entities">
    <class name="Technician" table="TECHNICIAN">
        <id name="techinicianNo" column="TECHNICIAN_NO">
         <generator class="increment"/>
        </id>
        <property name="name" column="TECHNICIAN_NM" />
        <property name="designation" column="DESIGNATION" />
        <property name="contactNo" column ="CONTACT_NO" />
        <property name="emailNo" column ="EMAIL_NO" />
        <list name="requestProcesses">
            <key>
                <column name="TECHNICIAN_ASSIGN_NO" />
              <!--  <column name="TECHNICIAN_NO" />  -->
            </key>
            <list-index column="REQUST_ORDER" base="1"/>
            <one-to-many class="Technician"/>
        </list>
    </class>
</hibernate-mapping>
