<?xml version="1.0" encoding="UTF-8"?>
<!DOCTYPE hibernate-configuration PUBLIC
		"-//Hibernate/Hibernate Configuration DTD 3.0//EN"
		"http://hibernate.sourceforge.net/hibernate-configuration-3.0.dtd">
<hibernate-configuration>
    <session-factory>
    <property name="connection.driver_class">com.mysql.jdbc.Driver</property>
		<property name="connection.url">jdbc:mysql://localhost:3306/test</property>
		<property name="connection.username">root</property>
		<property name="connection.password">user</property>
		<property name="hibernate.dialect">org.hibernate.dialect.MySQLDialect</property>
		<property name="hibernate.show_sql">true</property>
		<property name="hbm2ddl.auto">update</property>
		 <property name="hibernate.c3p0.max_size">50</property>
		
		<property name="hibernate.current_session_context_class">thread</property>
		
		
		<!-- <mapping resource="com/otml/entities/RequestProcess.hbm.xml"/>
		<mapping resource="com/otml/entities/Technician.hbm.xml"/> -->
		<mapping class="com.otml.entities.RequestProcess"/>
	    <mapping class="com.otml.entities.Technician"/>	
	
	
    </session-factory>
</hibernate-configuration>
